Absolutely Amethyst Candytuft,Perennial,1
Alba Plena Camellia,Perennial,1
Alexander Magnolia,Tree,7
All Summer Beauty Hydrangea,Perennial,1
Alpine Alyssum,Shrub,3
Amagasa Azalea,Shrub,3
Nikko Blue Hydrangea,Shrub,3
Amy Cotta Rhododendron,Perennial,1
Angel Cheeks Herbaceous Peony,Perennial,1
Anna Rose Whitney Rhododendron,Shrub,3
Angyo Asian Jasmine,Shrub,3
Anise Tree,Tree,7
Apple Blossom Camellia,Tree,7
Arctic Fire Red Twig Dogwood,Shrub,3
Arctic Sun Red Twig Dogwood,Shrub,3
Arneson Ruby Azalea,Shrub,3
Asian Star Jasmine,Perennial,1
Ayesha Hydrangea,Perennial,1
Getsutoku Azalea,Shrub,3
Congratulatory Light Azalea,Shrub,3
Beauty Yellow Marguerite Daisy,Perennial,1
Moonlight Bay Camellia,Shrub,3
Biokovo Cranesbill,Perennial,1
Big Blue Lilyturf,Perennial,1
Cyclamen,Perennial,1
Bishops Form Cranesbill,Perennial,1
Scandia Juniper,Conifer,12
BlackEyed Magenta Cranesbill,Perennial,1
Black Stem Bigleaf Hydrangea,Shrub,3
Bloom N Again Apricot Beauty Azalea,Shrub,3
Bloom N Again Snowball Azalea,Shrub,3
BloomAThon White Reblooming Azalea,Shrub,3
Munchkin Oakleaf Hydrangea,Perennial,1
Abbeys Review Rhododendron,Perennial,1
Blue Form Eastern White Pine,Conifer,12
Blue Gem Hebe,Shrub,3
Blue Enchantress Hydrangea,Perennial,1
Black Beauty Cranesbill,Perennial,1
Blue Sapphire Ceanothus,Shrub,3
Blue Waterfall Serbian Bellflower,Perennial,1
Blue Wave Lacecap Hydrangea,Perennial,1
Blade of Sun Snowberry,Shrub,3
Forever  Ever Together Hydrangea,Shrub,3
Bluebird Lacecap Hydrangea,Perennial,1
Fullmoon Polyspora,Shrub,3
Bob Hope Camellia,Perennial,1
Baby Lace Hydrangea,Perennial,1
Bollywood Azalea,Shrub,3
Calliope Geranium,Perennial,1
Boursault Rhododendron,Perennial,1
Cityline Venice Bigleaf Hydrangea,Perennial,1
Forever  Ever Red Hydrangea,Shrub,3
Brandywine Viburnum,Shrub,3
Brackens Brown Beauty Magnolia,Perennial,1
Brilliant Azalea,Shrub,3
Brilliant Pink Iceberg Shrub Rose,Shrub,3
Girards Crimson Evergreen Azalea,Shrub,3
BULLSEYE Geranium,Perennial,1
Compact Carolina Cherry Laurel,Shrub,3
Buttons N Bows Hydrangea,Perennial,1
Chicago Lustre Arrowwood Viburnum,Shrub,3
Calsap Rhododendron,Perennial,1
Candy Corn Plant,Perennial,1
White Star Caladium,Perennial,1
Candy Lights Deciduous Azalea,Perennial,1
Cannons Double Azalea,Shrub,3
Cape Blanco Stonecrop,Cactus/Succulent,9
Carnival Plum Crazy Coral Bells,Perennial,1
Carters Sunburst Camellia,Shrub,3
Cayuga Koreanspice Viburnum,Shrub,3
Chandleri Elegans Variegated Camellia,Perennial,1
Cheerful Giant Azalea,Shrub,3
Checkmate Rhododendron,Perennial,1
Angel Wing Jasmine,Perennial,1
Cherry Cheesecake Rhododendron,Tree,7
Chirimen Marlberry,Perennial,1
Compact Korean Azalea,Shrub,3
Ann Magnolia,Tree,7
Compact Maximum Rhododendron,Shrub,3
Citronelle Coral Bells,Perennial,1
Cityline Mars Hydrangea,Perennial,1
Colonel Firey Camellia,Shrub,3
Josephine Clematis,Vine - Requires Support,10
Columbus Magnolia,Tree,7
Landmark Rhododendron,Perennial,1
Silver Edge Variegated Lavender,Shrub,3
Coral Delight Camellia,Perennial,1
Coral Bells Azalea,Perennial,1
Cora Louise Itoh Peony,Perennial,1
Coral Carpet Stonecrop,Cactus/Succulent,9
Apricot Candy Hybrid Tea Rose,Perennial,1
Corsican Sandwort,Perennial,1
Apricot Drift Groundcover Rose,Perennial,1
County Park Star Creeper,Perennial,1
Cranberry Cotoneaster,Shrub,3
Creeping Lilyturf,Perennial,1
Creme Fraiche Deutzia,Shrub,3
Creeping Bramble,Perennial,1
Crete Rhododendron,Perennial,1
Crimson Cate Azalea,Shrub,3
Arctic Fire Maiden Pink,Perennial,1
Asian Essence Litsea,Perennial,1
Crystal Falls Mondo Grass,Ornamental Grass,8
Cunninghams Blush Rhododendron,Shrub,3
Cunninghams White Rhododendron,Shrub,3
Daikagura Variegated Camellia,Perennial,1
Athene Magnolia,Tree,7
Darjeeling Banana,Perennial,1
Baby Grand Magnolia,Tree,7
Bowl Of Beauty Herbaceous Peony,Shrub,3
Dark Green Pyramidal Yew,Conifer,12
Delaware Valley White Azalea,Shrub,3
Margarita African Daisy,Perennial,1
Dianas Delight Clematis,Vine - Requires Support,10
Minnetonka Rhododenron,Perennial,1
Dooley Hydrangea,Perennial,1
Double Shot Grape Azalea,Vine - Requires Support,10
Drews Blue Siberian Carpet Cypress,Conifer,12
Dreamland Rhododendron,Perennial,1
Duckfoot Ivy,Vine - Self-clinging,19
Duc De Rohan Azalea,Shrub,3
Dwarf Lily Of The Nile,Shrub,3
Dwarf Purple Rhododendron,Shrub,3
Dwarf Tickseed,Perennial,1
Brite Eyes Climbing Rose,Perennial,1
Percy Wiseman Rhododendron,Perennial,1
Edies Bright Pink Azalea,Shrub,3
Eleanor Mccown Camellia,Shrub,3
Edith Bosley Rhododendron,Perennial,1
Elegant Sound Pavilion Hydrangea,Perennial,1
Elizabeth Taylor Hybrid Tea Rose,Perennial,1
Elsa Spath Clematis,Vine - Requires Support,10
Emerald Dream Clematis,Vine - Requires Support,10
Buckeye Belle Herbaceous Peony,Perennial,1
Polarnacht Rhododendron,Perennial,1
Emerald Goddess Lilyturf,Perennial,1
Etain Violet,Perennial,1
Red Charm Double Peony,Perennial,1
EverColor Everest Variegated Sedge,Perennial,1
False Ginseng,Perennial,1
Scarlet Wonder Dwarf Rhododendron,Shrub,3
Fashion Azalea,Shrub,3
Felix Supreme Double Peony,Perennial,1
Flutterby Yellow Marguerite Daisy,Perennial,1
Festival Raspberry Cordyline,Perennial,1
Crimson Sky Climbing Rose,Shrub,3
Fire Chief Globe Arborvitae,Conifer,12
Fire Light Hardy Hydrangea,Shrub,3
Dwarf RedLeaf Sand Cherry,Tree,7
Dwarf Western Red Cedar,Conifer,12
First Snow Asian Jasmine,Shrub,3
Flore Pleno Herons Bill,Perennial,1
Florence Parks Rhododendron,Perennial,1
Flower Carpet Yellow Rose,Perennial,1
Formosa Azalea,Shrub,3
Forever  Ever Blue Heaven Hydrangea,Shrub,3
Fragrant Carpet,Groundcover,5
Fragrant Cloud Hybrid Tea Rose,Shrub,3
Blushing Knock Out Rose,Perennial,1
Boulevard Daiyu Clematis,Vine - Requires Support,10
Furzey Pink Mediterranean Heath,Shrub,3
Fuji Waterfall Hydrangea,Shrub,3
Fuzzball Siberian Carpet Cypress,Conifer,12
Colorado Gold Treasure Flower,Shrub,3
Giant Lilyturf,Perennial,1
Bulbous Oat Grass,Ornamental Grass,8
Ginny Gee Rhododendron,Perennial,1
Glacier English Ivy,Vine - Self-clinging,19
Glacier Magic Shrub Rose,Shrub,3
Girards Pleasant White Evergreen Azalea,Shrub,3
Girards Roberta Azalea,Shrub,3
Girards Rose Azalea,Shrub,3
Glen  Camellia,Perennial,1
Glowing Embers Hydrangea,Perennial,1
Goggy Japanese Camellia,Shrub,3
Georgia Blue Speedwell,Perennial,1
Canadian Creeper Cotoneaster,Shrub,3
DarkStar Creeping Oregon Grape,Vine - Requires Support,10
Golden Fernleaf Cypress,Conifer,12
Golden Flare Azalea,Shrub,3
Canary Island Date Palm,Perennial,1
Golden Hinoki False Cypress,Conifer,12
Golden Japanese Forest Grass,Ornamental Grass,8
Golden Lights Azalea,Shrub,3
Cancan Climbing Rose,Shrub,3
Goldenstar,Perennial,1
Gomer Waterer Rhododendron,Shrub,3
Gordo Big Leaf Boxwood,Shrub,3
Hardy Schefflera,Perennial,1
Grace Ward Lithodora,Shrub,3
Green Gem Boxwood,Shrub,3
Candy Cane Cocktail Rose,Perennial,1
CANNOVA Bronze Scarlet Canna Lily,Perennial,1
CANNOVA Mango Canna Lily,Perennial,1
Green Velvet Boxwood,Shrub,3
Greenback Southern Magnolia,Tree,7
Gumpo White Azalea,Shrub,3
Gumpo Pink Azalea,Shrub,3
CANNOVA Orange Shades Canna Lily,Perennial,1
Happy Days Azalea,Shrub,3
Handsome Devil Viburnum,Shrub,3
Happy Days Pink Azalea,Shrub,3
Snowflake Candytuft,Perennial,1
Hellikki Rhododendron,Perennial,1
Helsinki University Rhododendron,Perennial,1
High Fragrance Camellia,Perennial,1
Herbert Azalea,Shrub,3
Caramba Shrub Rose,Shrub,3
Higasa Azalea,Shrub,3
Highlights Arborvitae,Conifer,12
Holly Fern,Fern,16
Holdens Solar Flair Rhododendron,Shrub,3
Hotei Rhododendron,Perennial,1
Carefree Delight Shrub Rose,Shrub,3
Icecap Rose,Shrub,3
Iberia Leatherleaf Fern,Fern,16
Herriot Strawberry,Perennial,1
Irene Koster Azalea,Shrub,3
Jade Dragon False Ginseng,Perennial,1
Jeddeloh Canadian Hemlock,Conifer,12
Jordans Pride Pink Camellia,Perennial,1
Kalinka Rhododendron,Perennial,1
Karen Azalea,Shrub,3
Ken Janeck Rhododendron,Perennial,1
Kimono Canzonetta Azalea,Shrub,3
KimiIdera Clematis,Vine - Requires Support,10
Kimono Maraschino Azalea,Shrub,3
Kumasaka Camellia,Perennial,1
Lavender Jane Azalea,Shrub,3
Quick Fire Hardy Hydrangea,Perennial,1
Leather Leaf Powder Puff,Shrub,3
Leatherleaf Fern,Fern,16
Lemon Thyme,Groundcover,5
Lemongrass,Perennial,1
Lilac Beauty Lilyturf,Shrub,3
Lipstick Strawberry,Perennial,1
Kramers Supreme Camellia,Perennial,1
Common Elderberry,Perennial,1
Long Island Pink Camellia,Shrub,3
Lowbush Blueberry,Shrub,3
Coral Drift Groundcover Rose,Perennial,1
Madame Emile Mouillere Hydrangea,Perennial,1
Magical Mystery Tour Itoh Peony,Shrub,3
MAGNIFISCENT Amy Viola,Perennial,1
Magnoliaeflora Camellia,Perennial,1
MAGNIFISCENT Sunny Jim Viola,Perennial,1
Rokeys Purple Aubrieta,Shrub,3
Crater Lake Blue Speedwell,Perennial,1
Queen Palm,Perennial,1
March Madness Rhododendron,Perennial,1
Mediterranean Pink Heath,Shrub,3
Metallica Crispa Carpet Bugle,Groundcover,5
Midnight Duchess Hydrangea,Perennial,1
Mexican Weeping Bamboo,Bamboo,15
Midnight Ruby Rhododendron,Perennial,1
Mikkeli Rhododendron,Perennial,1
Midori Cyclamen,Perennial,1
Miniature Gardenia,Shrub,3
Miranda Climbing Hydrangea,Perennial,1
Dahlietta Bedding Dahlia,Perennial,1
Miyama Gold Prinz Rhododendron,Perennial,1
Miyama Picobello Rhododendron,Perennial,1
Miyama Dolcemente Rhododendron,Perennial,1
Moonlight Coral Bells,Perennial,1
Morris Midget Boxwood,Perennial,1
Morden Fireglow Rose,Perennial,1
Morning Glow Camellia,Perennial,1
Daybreak Magnolia,Tree,7
New Century Rhododendron,Cactus/Succulent,9
Dwarf Balsam Fir,Conifer,12
Orchid Frost Spotted Dead Nettle,Perennial,1
Normandy Rhododendron,Perennial,1
Nuccios Carnival Azalea,Shrub,3
Nuccios Gem Camellia,Shrub,3
Nova Zembla Rhododendron,Perennial,1
Nuccios Wild Cherry Azalea,Shrub,3
Tiny Tower Arborvitae,Conifer,12
Dwarf Palmetto,Shrub,3
Oso Easy Peachy Cream Rose,Shrub,3
PJM Compact Rhododendron,Shrub,3
PJM Rhododendron,Perennial,1
Pineapple Guava,Perennial,1
Patty Bee Rhododendron,Perennial,1
Edith Bogue Magnolia,Tree,7
Pearl Maxwell Camellia,Perennial,1
Pearces American Beauty Rhododendron,Shrub,3
Pee Dee Gold Ingot Lilyturf,Perennial,1
Peppermint,Shrub,3
Elizabeth Magnolia,Tree,7
Pewter Pillar Winters Bark,Shrub,3
Pink Elf French Hydrangea,Shrub,3
Lanarth White Lacecap Hydrangea,Perennial,1
Magical Flame Panicle Hydrangea,Shrub,3
Pink Parade Camellia,Perennial,1
Pink Treasure Rhododendron,Shrub,3
Plum Passion Hydrangea,Vine - Requires Support,10
Silver Cloak Fern,Fern,16
Prairie Fire Sedge,Ornamental Grass,8
Procumbens Colorado Blue Spruce,Conifer,12
Pucker Up Red Twig Dogwood,Shrub,3
Purple Gem Rhododendron,Shrub,3
Randy Magnolia,Tree,7
Purple Passion Rhododendron,Vine - Requires Support,10
Purple Showers Viola,Tree,7
Purple Pixie Fringe Flower,Shrub,3
Queen Of Pearls Hydrangea,Shrub,3
Inkwell Bromeliad,Perennial,1
Quintessence Camellia,Perennial,1
Ramapo Rhododendron,Perennial,1
Flamingo Glow Mexican Lily,Perennial,1
Flashing Lights Maiden Pink,Perennial,1
Raphael Bromeliad,Perennial,1
Red N Pretty Hydrangea,Perennial,1
Red Marmalade Firecracker Flower,Perennial,1
Red Pearl Lingonberry,Shrub,3
Red Ruffles Azalea,Shrub,3
Red Sunset Azalea,Shrub,3
RedLeafed Mukdenia,Perennial,1
Francis Meilland Hybrid Tea Rose,Perennial,1
Renato Double Peony,Perennial,1
Ristimagi Clematis,Vine - Requires Support,10
Renee Michelle Azalea,Shrub,3
Rock Rose Rhododendron,Shrub,3
Brakelights Red Yucca,Cactus/Succulent,9
Rose Glow Azalea,Shrub,3
Galaxy Magnolia,Tree,7
Roseum Elegans Rhododendron,Perennial,1
Rosebud Azalea,Shrub,3
Rose Marie Magnolia,Perennial,1
Garden Sun Climbing Rose,Perennial,1
Royal Purple Lilyturf,Shrub,3
Gardengirls Anette Scotch Heather,Shrub,3
Catawba Crape Myrtle,Shrub,3
Anacostia Japanese Camellia,Shrub,3
Rugostar Raspberry Groundcover Rose,Shrub,3
Savannah Holly,Shrub,3
Black Cloud Mirror Bush,Shrub,3
Saybrook Glory Azalea,Shrub,3
ScentSational White Rhododendron,Shrub,3
Seaside Serenade Bar Harbor Hydrangea,Perennial,1
Seedless Kishu Mandarin,Vine - Requires Support,10
Seaside Serenade Fire Island Hydrangea,Perennial,1
Seaside Serenade Hamptons Hydrangea,Perennial,1
September Song Rhododendron,Perennial,1
Gold Flash Broom,Shrub,3
Silver Carpet Lambs Ear,Perennial,1
Skookumchuck Rhododendron,Perennial,1
Silverdust English Ivy,Vine - Self-clinging,19
Siren Red Crape Myrtle,Shrub,3
Singing in the Rain Itoh Peony,Shrub,3
Skookum Rhododendron,Perennial,1
Sneezy Rhododendron,Perennial,1
Skyracer Purple Moor Grass,Ornamental Grass,8
Snow Day Surprise Pearl Bush,Shrub,3
Snow Queen Oakleaf Hydrangea,Shrub,3
Solidarity Rhododendron,Perennial,1
Golden Creeping Speedwell,Perennial,1
Spearmint,Perennial,1
Spellbound Camellia,Shrub,3
Springs Promise Ice Angels Camellia,Annual,6
Sugar Puff Rhododendron,Shrub,3
Summer Splash Light Blue Cupflower,Perennial,1
Endurascape Hot Pink Verbena,Perennial,1
Sunny Skies Periwinkle,Perennial,1
Sunjoy Gold Pillar Barberry,Shrub,3
Goodness Grows Speedwell,Perennial,1
Feelin Blue Deodar Cedar,Conifer,12
Sunset Pink Azalea,Shrub,3
Sweetheart Halos Hydrangea,Shrub,3
Super Star Creeper,Perennial,1
Swamp Azalea,Shrub,3
Sweet Sixteen Evergreen Azalea,Shrub,3
Sweet Woodruff,Perennial,1
Taiyo Japanese Tree Peony,Tree,7
Tahitian Treasure Rose,Shrub,3
Taiping Shan Evergreen Climbing Hydrangea,Shrub,3
Taurus Rhododendron,Perennial,1
Toffee Chip Carpet Bugle,Groundcover,5
Japanese Yew,Conifer,12
Theta Narrowleaf Asiatic Jessamine,Perennial,1
The Robe Evergreen Azalea,Shrub,3
Double Delights Expression Hydrangea,Perennial,1
Dwarf English Boxwood,Shrub,3
Timeless Beauty Evergreen Magnolia,Tree,7
Tom Knudsen Camellia,Perennial,1
Toyosho Pomegranate,Shrub,3
Tradition Azalea,Shrub,3
Trehane Speedwell,Perennial,1
Hessei Cotoneaster,Perennial,1
Kay Parris Magnolia,Tree,7
Variegated Bleeding Heart Vine,Perennial,1
Himalayan Blueberry,Shrub,3
Variegated Bishops Weed,Perennial,1
Variegated Hydrangea,Perennial,1
Variegated Mondo Grass,Ornamental Grass,8
Fusion Glow Yellow Exotic Impatiens,Perennial,1
Vaughns Lillie Oak Leaf Hydrangea,Tree,7
Home Run Pink Rose,Perennial,1
Vine Maple,Vine - Requires Support,10
Virginia Richards Rhododendron,Perennial,1
George L Taber Azalea,Shrub,3
Honey Nectar Grandiflora Rose,Perennial,1
Willow Wattle,Tree,7
Wedding Ring Boxwood,Shrub,3
Girards Fuchsia Azalea,Shrub,3
Westons Aglo Rhododendron,Perennial,1
White Bigleaf Hydrangea,Perennial,1
White Clips Bellflower,Perennial,1
White Doves Camellia,Shrub,3
White Gardenia,Shrub,3
Whiteout Candytuft,Perennial,1
Windcliff Fragrant Pachysandra,Shrub,3
Imperial Princess Azalea,Shrub,3
Imperial Queen Azalea,Shrub,3
Windmill Palm,Perennial,1
Winter Gem Boxwood,Shrub,3
Winters Snowman Ice Angels Camellia,Perennial,1
Winterglow Bergenia,Perennial,1
Yaku Princess Rhododendron,Shrub,3
Yellow Petticoats Rhododendron,Perennial,1
Jeanette Scotch Heather,Shrub,3
Ground Morning Glory,Vine - Requires Support,10
Yuki Snowflake Deutzia,Shrub,3
Zamphir Dwarf Tickseed,Perennial,1
African Aloe,Cactus/Succulent,9
Afterglow Echeveria,Cactus/Succulent,9
Alpine Cinquefoil,Shrub,3
HinoCrimson Azalea,Shrub,3
Alta Southern Magnolia,Tree,7
Angelina Stonecrop,Cactus/Succulent,9
Hoopla Rhododendron,Perennial,1
Julia Child Rose,Shrub,3
Ignite Scarlet Red St Johns Wort,Shrub,3
Arnold Common Juniper,Conifer,12
Auslese Ladys Mantle,Perennial,1
Baja Ruellia,Perennial,1
Baby Tears Stonecrop,Cactus/Succulent,9
Jordans Pride Camellia,Perennial,1
Kaffir Lime,Perennial,1
Blue Chalksticks,Perennial,1
Kramers Red Winter Heath,Shrub,3
Blue Hesper Palm,Perennial,1
Blue Spruce Stonecrop,Cactus/Succulent,9
Mathotiana Supreme Camellia,Perennial,1
Boulder Blue Fescue,Perennial,1
Bristlecone Pine,Conifer,12
Butterscotch Baby Gazania,Shrub,3
Caper Bush,Shrub,3
L J Bobbink Azalea,Shrub,3
Chihuahua Flower,Perennial,1
Columnar Blue Atlas Cedar,Conifer,12
Compact Mugo Pine,Conifer,12
Leonard Messel Magnolia,Tree,7
Creeping Mahonia,Shrub,3
Olga Mezitt Rhododendron,Perennial,1
PJM Regal Rhododendron,Perennial,1
Orange New Zealand Sedge,Perennial,1
TwoNeedle Pinon Pine,Conifer,12
Flower Carpet White Groundcover Rose,Perennial,1
Double Take Orange Storm Flowering Quince,Shrub,3
Double Take Scarlet Storm Flowering Quince,Shrub,3
Dragons Blood Stonecrop,Cactus/Succulent,9
Dwarf Japanese Garden Juniper,Conifer,12
LookALikes Hydrangealicious Rose,Shrub,3
Queen Kalanchoe,Shrub,3
Emerald Wave Sweet Bay,Shrub,3
Feelin Sunny Deodar Cedar,Conifer,12
Fine Wine Weigela,Shrub,3
Finescape Lomandra,Perennial,1
Lord Roberts Rhododendron,Perennial,1
Louise Rowe Clematis,Vine - Requires Support,10
Madeira Marguerite Daisy,Perennial,1
Frosty Morn Stonecrop,Cactus/Succulent,9
Geyser White Gaura,Perennial,1
Giant Fountain Grass,Ornamental Grass,8
Giant Velvet Rose,Perennial,1
Greenii Hens and Chicks,Cactus/Succulent,9
Roseum Pink Rhododendron,Perennial,1
Hartwegs Sundrops,Perennial,1
Purple Queen Bougainvillea,Vine - Requires Support,10
Silver Fox Chrysocephalum,Perennial,1
ShimaNishiki Japanese Tree Peony,Tree,7
Ihi Portulaca,Perennial,1
Jet Beads Stonecrop,Cactus/Succulent,9
Memorial Day Hybrid Tea Rose,Perennial,1
Slam Dunk Rhododendron,Perennial,1
John Creech Stonecrop,Cactus/Succulent,9
Jungle Shadows Hens and Chicks,Cactus/Succulent,9
Merrill Magnolia,Tree,7
Salmon Cape Honeysuckle,Vine - Self-clinging,19
Limelight Japanese Stonecrop,Cactus/Succulent,9
Limelight Licorice Plant,Perennial,1
Little Gem Stonecrop,Cactus/Succulent,9
Asian Moon Summer Lilac,Shrub,3
Little Pickles Ice Plant,Perennial,1
Little Trudy Catmint,Perennial,1
Low Horizon Westringia,Shrub,3
Blushing Bride Caladium,Perennial,1
Magellan Zinnia,Annual,6
Massachusetts Kinnikinnick,Perennial,1
Mystic Spires Blue Sage,Perennial,1
Mexican Hens Echeveria,Cactus/Succulent,9
Mexican Snowball,Shrub,3
Midnight Wine Weigela,Shrub,3
South Pacific Canna Lily,Perennial,1
Monroes White Lilyturf,Perennial,1
Miniature Stonecrop,Cactus/Succulent,9
Moonstones,Perennial,1
Bright Ideas Sweet Potato Vine,Vine - Requires Support,10
New Dawn Climbing Rose,Perennial,1
Night Light Hinoki Cypress,Conifer,12
Painted Lady,Perennial,1
Jan Van Leeuwen Peony,Perennial,1
Petite Red Imp Crape Myrtle,Shrub,3
Pies from Heaven,Shrub,3
Brocade Geranium,Perennial,1
Unraveled Weeping Boxwood,Shrub,3
Popcorn California Lilac,Shrub,3
Purple Heart,Perennial,1
Oregold Hybrid Tea Rose,Perennial,1
Oso Easy Cherry Pie Rose,Shrub,3
Oso Easy Mango Salsa Rose,Shrub,3
Oso Easy Paprika Rose,Perennial,1
Wedding Ring Hydrangea Next Generation Collection,Perennial,1
Red Filli Crape Myrtle,Shrub,3
Wee Willie Boxwood,Shrub,3
Paula Fay Peony,Perennial,1
Perfume Delight Hybrid Tea Rose,Perennial,1
Rubikon Hens  Chicks,Cactus/Succulent,9
Serenity African Daisy,Perennial,1
Seascape Mat Rush,Perennial,1
Pinata Climbing Rose,Shrub,3
Pink Jasmine,Shrub,3
Pink Knock Out Rose,Perennial,1
Soap Aloe,Cactus/Succulent,9
St Johns Wort,Shrub,3
Stalked Bulbine,Perennial,1
Star Showers Virginia Creeper,Perennial,1
Strong Red Ice Plant,Perennial,1
Pink Stardust Magnolia,Perennial,1
Sunny Classic Bacia African Daisy,Perennial,1
Sunsparkler Cherry Tart Stonecrop,Cactus/Succulent,9
Sunsparkler Dazzleberry Sedum,Cactus/Succulent,9
Popcorn Drift Rose,Shrub,3
Sweet Bay,Shrub,3
Sweet Bay Magnolia,Tree,7
Henna Coleus,Annual,6
Taylortown Red Verbena,Perennial,1
Variegated Common Periwinkle,Perennial,1
Twilight Zone Aloe,Cactus/Succulent,9
Upright Mugo Pine,Conifer,12
Variegated Japanese Silver Grass,Ornamental Grass,8
Snowflake Oakleaf Hydrangea,Shrub,3
Variegated Orange Stonecrop,Cactus/Succulent,9
Voodoo Stonecrop,Cactus/Succulent,9
Red Drift Groundcover Rose,Shrub,3
Red Head Fountain Grass,Ornamental Grass,8
White Cloud Echeveria,Cactus/Succulent,9
April Dawn Camellia,Tree,7
Woods Compact Kinnikinnick,Perennial,1
Queen mum lilyoftheNile,Shrub,3
Abunda Improved Bacopa,Annual,6
Zahara Zinnia,Annual,6
Abracadabra Star Hydrangea,Perennial,1
Abracadabra Orb Hydrangea,Perennial,1
Astra African Daisy,Perennial,1
Chardonnay Pearls Deutzia,Shrub,3
Celebrette New Guinea Impatiens,Annual,6
Cityline Paris Bigleaf Hydrangea,Perennial,1
Creeping Jenny,Perennial,1
Cityline Rio Bigleaf Hydrangea,Perennial,1
Freefall Pansy,Perennial,1
Fine Line Fern Leaf Buckthorn,Fern,16
Harmony New Guinea Impatiens,Annual,6
Windcliff Red Seedling Lenten Rose,Perennial,1
Highlighter Caladium,Annual,6
Graziosa Piccola Geranium,Perennial,1
Laser Cyclamen,Shrub,3
Lets Dance Moonlight Hydrangea,Perennial,1
Lil Kim Rose of Sharon,Shrub,3
Limelight Hardy Hydrangea,Perennial,1
Lets Dance Starlight Bigleaf Hydrangea,Perennial,1
Little Lime Hardy Hydrangea,Perennial,1
Moonlight Caladium,Perennial,1
My Monet Weigela,Shrub,3
North Star Boxwood,Perennial,1
Peppermint Caladium,Shrub,3
Purple Mountain Sun Daisy,Perennial,1
Pinky Winky Hardy Hydrangea,Perennial,1
Rose Satin Rose of Sharon,Shrub,3
Rose Glow Caladium,Perennial,1
Red Glamor Caladium,Perennial,1
Raspberry Moon Caladium,Perennial,1
Scarlet Flame Caladium,Perennial,1
Silver Fog Euphorbia,Perennial,1
Ruby Meidiland Rose,Shrub,3
Summer Breeze Caladium,Annual,6
Sugar Tip Rose of Sharon,Shrub,3
Sunny Boulevard St Johns Wort,Shrub,3
Saucer Magnolia,Tree,7
Sweet Georgia Sweet Potato Vine,Perennial,1
Sweetheart Caladium,Shrub,3
Twister Rush,Perennial,1
Twisted Arrows Rush,Perennial,1
Aromatherapy Hybrid Tea Rose,Perennial,1
Violet Satin Rose of Sharon,Shrub,3
White Cap Caladium,Perennial,1
White Chiffon Rose of Sharon,Shrub,3
Alice Oakleaf Hydrangea,Perennial,1
Autumn Spirit Camellia,Perennial,1
Autumn Sunblaze Miniature Rose,Perennial,1
Bonanza Camellia,Perennial,1
Buttermint Camellia,Perennial,1
Shere Marguerite Daisy,Perennial,1
Skys The Limit Climbing Rose,Shrub,3
Dark Dancer White Clover,Shrub,3
Do Tell Herbaceous Peony,Perennial,1
Dwarf Alberta Spruce,Conifer,12
Dwarf Mondo Grass,Ornamental Grass,8
Fairy Blush Camellia,Shrub,3
Elviira Rhododendron,Perennial,1
Hot Stuff Sedum,Cactus/Succulent,9
Festiva Maxima Double Peony,Perennial,1
Hookers Pachyphytum,Perennial,1
Spangled Star Maiden Pink,Perennial,1
Kanjiro Camellia,Perennial,1
Sparkler Colorado Blue Spruce,Conifer,12
Labrador Violet,Perennial,1
Longleaf Mahonia,Shrub,3
Miniature Brass Buttons,Shrub,3
Moonstone Peony,Perennial,1
Nancy Nora Peony,Perennial,1
Northern Exposure Camellia,Shrub,3
Pachysandra,Perennial,1
Peacock Spikemoss,Shrub,3
Pink Double Knock Out Rose,Perennial,1
Pink Dawn Peony,Tree,7
Phoenicia Azalea,Shrub,3
PinkABoo Camellia,Shrub,3
Ruby Red Spikemoss,Shrub,3
Ruby Slippers Oakleaf Hydrangea,Shrub,3
Setsugekka Camellia,Perennial,1
Summer Splash Compact Blue Cupflower,Perennial,1
Sorbet Peony,Shrub,3
Taiwan Mondo Grass,Ornamental Grass,8
Swan Lake Camellia,Perennial,1
Taylors Perfection Camellia,Shrub,3
Tidal Pool Prostrate Speedwell,Perennial,1
Variegated Pontic Rhododendron,Perennial,1
Vestito Rosso Camellia,Shrub,3
Sunrosa Red Shrub Rose,Shrub,3
Whitewater Speedwell,Perennial,1
Sunrosa Soft Pink Shrub Rose,Shrub,3
Winters Star Camellia,Perennial,1
Sunrosa Yellow Shrub Rose,Shrub,3
Arborvitae Fern,Fern,16
Annas Magic Ball Arborvitae,Conifer,12
Cloud Ten Climbing Rose,Shrub,3
Crystal Hop,Perennial,1
Double White Herbaceous Peony,Shrub,3
Bombshell Caladium,Annual,6
Festival  Lime Cordyline,Perennial,1
Early Scout Fernleaf Peony,Perennial,1
General MacMahon Peony,Perennial,1
Golden Tuffet Arborvitae,Conifer,12
Katie Pink Dwarf Ruellia,Perennial,1
Tamarix Juniper,Conifer,12
Lavender Mist Sun Daisy,Perennial,1
Newport Common Hop,Perennial,1
Impassion African Daisy,Perennial,1
Prostrate White Abelia,Shrub,3
Turkish Speedwell,Perennial,1
Chinese Indigo,Perennial,1
Little Ragu Sweet Bay,Perennial,1
Mossy Stonecrop,Cactus/Succulent,9
Weeping Norway Spruce,Conifer,12
Arabian Jasmine,Shrub,3
Aztec Grass,Ornamental Grass,8
Armani Peony,Perennial,1
Beesia,Perennial,1
Pink Splash Caladium,Perennial,1
Wicked Verbena,Perennial,1
Wind Dancer Lovegrass,Perennial,1
Blue Softie Engelmann Spruce,Conifer,12
Winners Circle Climbing Rose,Shrub,3
Burgundy Wedding Train Coleus,Annual,6
Ballerina African Daisy,Perennial,1
Summer Splash Nierembergia,Perennial,1
Bowles Golden Sedge,Perennial,1
Burgundy Cotton Crape Myrtle,Shrub,3
Button Fern,Fern,16
Candy Apple Hydrangea,Perennial,1
China Chiffon Rose of Sharon,Shrub,3
Curry Leaf,Perennial,1
Yellow Lady Banks Climbing Rose,Perennial,1
Yellow Tree Peony Tibetian Peony,Tree,7
Double Fantasy Christmas Rose Winter Dreams Series,Perennial,1
Alpine Rock Thyme,Shrub,3
Candyland Caladium,Annual,6
Dwarf Norway Spruce,Conifer,12
Eichholz Cotoneaster,Perennial,1
Acoma Crape Myrtle,Tree,7
Fox Tail Agave,Cactus/Succulent,9
Garvinea Sweet Glow Gerber Daisy,Perennial,1
Green Beauty Boxwood,Shrub,3
Irish Yew,Conifer,12
Arapaho Crape Myrtle,Tree,7
Kansas Double Peony,Perennial,1
KeikoAdored Itoh Peony,Perennial,1
Korean Feather Reed Grass,Ornamental Grass,8
Arcadia Juniper,Conifer,12
Ashdown Forest English Lavender,Shrub,3
Merlot Redbud,Tree,7
Nest Spruce,Conifer,12
Avalanche White Sun Daisy,Perennial,1
Northwind Switch Grass,Ornamental Grass,8
Patchwork Impatiens,Annual,6
Orange Flame Wallflower,Perennial,1
Bandana Pink Lantana,Shrub,3
Bangle Genista,Perennial,1
Beargrass,Perennial,1
Purple Dragon Dead Nettle,Perennial,1
Birthday Party Sedum,Cactus/Succulent,9
Rancho White Agapanthus,Perennial,1
Black Hens and Chicks,Cactus/Succulent,9
Redhead Coleus,Annual,6
RibbonLeaf Japanese Maple,Tree,7
Blue Arrow Juniper,Conifer,12
Blue Beaked Yucca,Cactus/Succulent,9
Blue Creeper Juniper,Conifer,12
Silver Dragon Lilyturf,Tree,7
Blue Finger,Perennial,1
Sparkler Arrowwood Viburnum,Shrub,3
Strawberry Shake Hydrangea,Perennial,1
Sunny Side Up Fleabane,Perennial,1
Sun Kiss Bidens,Perennial,1
Sun Stripe Agapanthus,Perennial,1
Sweet Summer Panicle Hydrangea,Perennial,1
Lindseys Skyward Bald Cypress,Conifer,12
Takara Treasure Itoh Peony,Shrub,3
Trusty Rusty Coleus,Annual,6
Twister Lily of the Nile,Perennial,1
Wall Germander,Shrub,3
Vision in Pink Astilbe,Perennial,1
Vino Coleus,Annual,6
Wells Weeper Spruce,Conifer,12
Burly Blue Juniper,Conifer,12
White Catawba Rhododendron,Vine - Requires Support,10
Blue Pacific Shore Juniper,Conifer,12
Blue Rug Juniper,Conifer,12
Zebra Mophead Hydrangea,Perennial,1
Blue Star Juniper,Conifer,12
Tanager Terracotta Gazania,Perennial,1
Chameleon Houttuynia,Perennial,1
Celebration New Guinea Impatiens,Annual,6
Creamsickle Caladium,Annual,6
Disco Belle Pink Hibiscus,Shrub,3
DebRons Black Cherry Fuchsia,Shrub,3
DebRons Funny Valentine Fuchsia,Shrub,3
Flash Mob Trailing Petunia,Perennial,1
Glow Rose Stardust Petunia,Perennial,1
Golden Globes Loosestrife,Perennial,1
Bottle Pop Neon Pink Bottlebrush,Shrub,3
Bright Edge Yucca,Cactus/Succulent,9
Broadmoor Juniper,Conifer,12
Buffalo Juniper,Conifer,12
Lance Whorton Caladium,Perennial,1
Lara White Nierembergia,Shrub,3
Miss Muffet Caladium,Perennial,1
Party Punch Caladium,Perennial,1
Burgundy Bunny Miniature Fountain Grass,Ornamental Grass,8
Butterflies Magnolia,Perennial,1
Soiree Kawaii Kawaii Coral Catharanthus,Perennial,1
Soiree Kawaii Kawaii Pink Catharanthus,Perennial,1
Calgary Carpet Juniper,Conifer,12
California Buckwheat,Perennial,1
Summer Pink Caladium,Perennial,1
Sun Spun Petunia,Perennial,1
Sweet Carolina Caladium,Perennial,1
Tapestry Caladium,Annual,6
White Pearl Caladium,Perennial,1
Angels Blush Hydrangea,Shrub,3
Allure Series Zonal Geranium,Perennial,1
Berry Poppins Winterberry,Shrub,3
Belle of Taranaki Clematis,Vine - Requires Support,10
Blue Cassel Hydrangea,Perennial,1
Concord Grape Spiderwort,Perennial,1
Chirisan Sue Mountain Hydrangea,Shrub,3
Emerald Mist Heartleaf Brunnera,Perennial,1
Carpathian Pussytoes,Perennial,1
Cruenta Rubra Bromeliad,Perennial,1
Mend Bromeliad,Perennial,1
Flutterby Lavender Nectar Bush,Shrub,3
Pierre Goldenstar,Perennial,1
Golden Lemon Thyme,Groundcover,5
Goldilocks Creeping Jenny,Perennial,1
Henrys Garnet Sweetspire,Shrub,3
Ice Dance Japanese Sedge,Perennial,1
Champlain Hardy Shrub Rose,Shrub,3
Chaparral Arizona Cypress,Conifer,12
Magical Fire Hydrangea,Shrub,3
Madagascar Palm,Perennial,1
Mango Shoutout Red Hot Poker,Perennial,1
Minister Blue Clematis,Vine - Requires Support,10
Next Generation Red Sensation Hydrangea,Perennial,1
Misty Lace Goatsbeard,Perennial,1
Oakleaf Hydrangea,Perennial,1
Morado Bromeliad,Perennial,1
Red Cloud Spiderwort,Perennial,1
River Mist Northern Sea Oat Grass,Ornamental Grass,8
Chapel Hill Yellow Lantana,Shrub,3
Cherry Dazzle Dwarf Crape Myrtle,Shrub,3
Cheyenne Crape Myrtle,Tree,7
Very Berry Creeping Wintergreen,Shrub,3
Chica Red Dwarf Crape Myrtle,Shrub,3
Amethyst Oakleaf Hydrangea,Perennial,1
Catlins Giant Carpet Bugle,Groundcover,5
Chickasaw Crape Myrtle,Tree,7
Zion African Daisy,Perennial,1
Blackberry Wine Fumewort,Perennial,1
Beni Gaku Hydrangea,Perennial,1
Bombshell Panicle Hydrangea,Perennial,1
Bunchberry,Perennial,1
Creeping Wintergreen,Perennial,1
Double Delights Star Gazer Hydrangea,Perennial,1
Deep Blue Clips Bellflower,Perennial,1
Chinese Stonecrop,Cactus/Succulent,9
Christmas Bush,Shrub,3
Golden Variegated Sweet Flag,Perennial,1
Guilded Gold Hydrangea,Perennial,1
Citrus Lantana Landmark Series,Shrub,3
Cleveland Sage,Perennial,1
Jack Frost Siberian Bugloss,Perennial,1
Hornli Hydrangea,Perennial,1
Common Woolly Sunflower,Perennial,1
LilyOfTheValley,Perennial,1
Male Fern,Fern,16
Compact Plumosa Juniper,Conifer,12
Next Generation Pistachio Hydrangea,Tree,7
Pure of Heart Siberian Bugloss,Perennial,1
Coral Beauty Cotoneaster,Perennial,1
Creeping St Johns Wort,Shrub,3
Teller Red Big Leaf Hydrangea,Perennial,1
Volcano Candy Stripe Phlox,Perennial,1
Woodlander Hydrangea,Perennial,1
Casablanca Bromeliad,Perennial,1
Pink Parfait Double Peony,Perennial,1
Lila Bromeliad,Perennial,1
Martin Bromeliad,Perennial,1
Desert Plains Fountain Grass,Ornamental Grass,8
Passion Bromeliad,Perennial,1
Peachy Keen Shrub Rose,Shrub,3
Tricolor Bromeliad,Perennial,1
Double Feature Crape Myrtle,Shrub,3
Beacon Silver Dead Nettle,Perennial,1
Primevere Peony,Perennial,1
Dwarf Mugo Pine,Conifer,12
Elijah Blue Fescue,Perennial,1
John Clayton Honeysuckle,Vine - Requires Support,10
Elsies Gold Stonecrop,Cactus/Succulent,9
Pink Hawaiian Coral Peony,Perennial,1
Endurascape Purple Verbena,Annual,6
Sea Shell Peony,Perennial,1
Enduro Dark Rose Verbena,Perennial,1
English Butterfly Peacock Butterfly Bush,Shrub,3
Festival Burgundy Cordyline,Perennial,1
Flamenco Rose Autumn Sage,Perennial,1
FlowerPower African Daisy,Perennial,1
Folgate English Lavender,Shrub,3
All Gold Japanese Forest Grass,Ornamental Grass,8
Fruiting Pomegranate,Tree,7
Annabelle Hydrangea,Perennial,1
AngelMist Spreading Summer Snapdragon,Shrub,3
Autumn Moon Azalea,Shrub,3
Belize NeedleFlower Tree,Tree,7
Furmans Red Autumn Sage,Perennial,1
Black Satin Rhododendron,Perennial,1
Black Mondo Grass,Ornamental Grass,8
Bloom N Again Lavender Lady Azalea,Shrub,3
BloomAThon Lavender Reblooming Azalea,Shrub,3
Bloom N Again Sedona Sunset Azalea,Shrub,3
Glendora White Crape Myrtle,Shrub,3
Glowing Magenta Evening Primrose,Perennial,1
Gold Coast Juniper,Conifer,12
Chionoides Rhododendron,Perennial,1
Chocolate Fountain Albizia,Perennial,1
Chicagoland Green Boxwood,Shrub,3
Cumbanita Geranium,Perennial,1
Cottage Mix Herbaceous Peony,Perennial,1
Silhouette Bougainvillea,Vine - Requires Support,10
Daphnoides Rhododendron,Perennial,1
Debutante Camellia,Shrub,3
Double Shot Watermelon Azalea,Shrub,3
Elegans Splendor Camellia,Perennial,1
English Roseum Rhododendron,Shrub,3
Fire and Ice Panicle Hydrangea,Cactus/Succulent,9
Fubuki Japanese Forest Grass,Ornamental Grass,8
Goldmoss Sedum,Cactus/Succulent,9
Golden Duchess Eastern Hemlock,Conifer,12
Golden Triumph Boxwood,Perennial,1
Green Showers Boston Ivy,Vine - Self-clinging,19
Gray Stonecrop,Cactus/Succulent,9
Green Sotol,Cactus/Succulent,9
Henrys Red Rhododendron,Shrub,3
Grey Owl Juniper,Conifer,12
Hino Degiri Evergreen Azalea,Shrub,3
Home Run Red Rose,Shrub,3
Hardy Ice Plant,Cactus/Succulent,9
Ignatius Sargent Rhododendron,Perennial,1
Jade Wave Fernspray False Cypress,Conifer,12
Jean Marie De Montague Rhododendron,Perennial,1
Heatwave Series Salvia,Perennial,1
Kimberlys Double Pink Evergreen Azalea,Shrub,3
Lady In Red Hydrangea,Perennial,1
Looking Glass Rhododendron,Perennial,1
Madison Star Jasmine,Perennial,1
MAGNIFISCENT Bonny Viola,Perennial,1
Majestic Lilyturf,Perennial,1
Holgers Juniper,Conifer,12
Midnight Rose Coral Bells,Perennial,1
Homestead Red Verbena,Perennial,1
Hopi Crape Myrtle,Tree,7
Mistral Azalea,Shrub,3
My Monet Sunset Weigela,Shrub,3
Mr Lincoln Hybrid Tea Rose,Shrub,3
Orange Mint,Perennial,1
Selly Scotch Heather,Shrub,3
Huntington Carpet Rosemary,Shrub,3
Pee Wee Oak Leaf Hydrangea,Tree,7
Penny Mac Hydrangea,Perennial,1
Pink Maximum Rhododendron,Perennial,1
President Roosevelt Rhododendron,Shrub,3
Raise the Roof Firestorm Rhododendron,Shrub,3
Rapido Blue Bellflower,Perennial,1
Jazzy Jewel Andorra Juniper,Conifer,12
Jewel of the Desert Garnet Ice Plant,Cactus/Succulent,9
Jewel of the Desert Moonstone Iceplant,Perennial,1
Rose Majesty Coral Bells,Perennial,1
Rozanne Cranesbill,Perennial,1
Seaside Serenade Cape Cod Hydrangea,Perennial,1
Jewel of the Desert Series Ice Plant,Perennial,1
Scintillation Rhododendron,Perennial,1
Scottish Tufted Hair Grass,Ornamental Grass,8
Jewel of the Desert Topaz Ice Plant,Cactus/Succulent,9
ShowaNoSakae Camellia,Perennial,1
Sugar Shack Butttonbush,Shrub,3
Sun Parasol Garden Crimson Mandevilla,Vine - Requires Support,10
Landmark Blaze Lantana,Shrub,3
Sweet Summer Love Clematis,Vine - Requires Support,10
Landmark Lantana,Shrub,3
Landmark Sunrise Rose Lantana,Shrub,3
Trilby Rhododendron,Perennial,1
Lantana Bandito,Shrub,3
Lavender Swirl Trailing Lantana,Shrub,3
White Iceberg Shrub Rose,Shrub,3
Windcliff Pachysandra,Shrub,3
YachiyoTsubaki Japanese Tree Peony,Tree,7
Baby Blue Eyes Spruce,Conifer,12
Little Lucky Lantana,Perennial,1
Coleosaurus Coleus,Annual,6
Cheyenne Sky Switch Grass,Ornamental Grass,8
Lowboy Pyracantha,Shrub,3
Lo  Behold Purple Haze Summer Lilac,Shrub,3
Golden Irish Yew,Conifer,12
Majestic Beauty Camphor Tree,Tree,7
Shirley Temple Double Peony,Shrub,3
Sutherland Gold Elderberry,Shrub,3
Tricolor Lavender Scallops,Perennial,1
White Bell Winter Heath,Shrub,3
Mexican Fan Palm,Perennial,1
Bandana Rose Improved Lantana,Shrub,3
MoorDense Juniper,Conifer,12
Mountain Juniper,Conifer,12
Canyon Prince Giant Rye Grass,Ornamental Grass,8
Centennial Hybrid Wild Lilac,Perennial,1
Carstens Wintergold Mugo Pine,Conifer,12
Ms Alice Bougainvillea,Vine - Requires Support,10
Coontie,Perennial,1
Crimson Aloe,Cactus/Succulent,9
Corsican Stonecrop,Cactus/Succulent,9
Diamond Heights Variegated Carmel Creeper,Perennial,1
Near East Crape Myrtle,Shrub,3
Emerald Empress Hens  Chicks,Cactus/Succulent,9
Nearly Wild Rose Floribunda,Perennial,1
Fire Spinner Ice Plant,Perennial,1
October Daphne Stonecrop,Cactus/Succulent,9
Kiwi Aeonium,Cactus/Succulent,9
Oertels Rose Yarrow,Perennial,1
Old Gold Alpine Rock Cress,Shrub,3
Old Mans Bones Stonecrop,Cactus/Succulent,9
Orange Stalked Bulbine,Perennial,1
Tequila Gold Rose,Shrub,3
Mona Lavender Plectranthus,Shrub,3
Pecos Crape Myrtle,Shrub,3
Prostrate Rock Cotoneaster,Shrub,3
Peppermint Lace Crape Myrtle,Shrub,3
Perfect Orange Ice Plant,Perennial,1
Red Mountain Ice Plant,Perennial,1
Petit Bleu Bluebeard,Shrub,3
Petite Orchid Crape Myrtle,Shrub,3
Purple Sensation Cordyline,Perennial,1
Petite Snow Crape Myrtle,Shrub,3
Phenomenal Lavender,Shrub,3
Sunburst St Johns Wort,Shrub,3
Sunsparkler Lime Zinger Sedum,Cactus/Succulent,9
Pink Rugosa Rose,Perennial,1
Virginia Creeper,Perennial,1
Pink Velour Crape Myrtle,Shrub,3
Wine  Roses Weigela,Shrub,3
Double Delights Perfection Hydrangea,Shrub,3
Pocomoke Crape Myrtle,Tree,7
Lets Dance Big Easy Hydrangea,Perennial,1
Lets Dance Rhythmic Blue Hydrangea,Perennial,1
Black Chantinii Bromeliad,Perennial,1
Cotton Candy Bromeliad,Perennial,1
Skinneri Bromeliad,Perennial,1
Tangerine Bromeliad,Perennial,1
Pink Gem Caladium,Shrub,3
Greek Columnar Sweet Basil,Perennial,1
Premium Sun Chocolate Coleus,Perennial,1
Pretty Lady Emily Wind Flower,Perennial,1
Pinstripe Petunia,Perennial,1
Little Quick Fire Hardy Hydrangea,Perennial,1
Lavender Chiffon Rose of Sharon,Shrub,3
Vintage Gold False Cypress,Conifer,12
Blue Muffin Arrowwood Viburnum,Shrub,3
Coppertina Ninebark,Shrub,3
First Editions Strawberry Sundae Hydrangea,Perennial,1
Purple Poppymallow,Shrub,3
Purple Potion Trailing Lantana,Shrub,3
Purple Spreader Garden Verbena,Perennial,1
Majestic Beauty Japanese Black Pine,Conifer,12
Wansdyke Silver Arborvitae,Conifer,12
Thunderhead Japanese Black Pine,Conifer,12
Variegated Rock Cotoneaster,Shrub,3
Raspberry Dazzle Crape Myrtle,Shrub,3
Autumn Philodendron,Shrub,3
Raspberry Sunrise Honeysuckle,Vine - Requires Support,10
Flutterby Petite Pink Nectar Bush,Shrub,3
Lo  Behold Lilac Chip Summer Lilac,Shrub,3
Pink Diamond Hardy Hydrangea,Perennial,1
Seaside Serenade Cape May Hydrangea,Perennial,1
Vulcan Magnolia,Tree,7
Looking Glass Heartleaf Brunnera,Perennial,1
Merritts Beauty Hydrangea,Perennial,1
Variegated Siberian Bugloss,Perennial,1
April Tryst Camellia,Perennial,1
Carolina Moonlight Fringe Flower,Shrub,3
Chansonette Camellia,Perennial,1
Black Heart Sweet Potato Vine,Perennial,1
White Lady Banks Climbing Rose,Perennial,1
Lanai Red  Verbena,Perennial,1
Wildberry Breeze Shrub Rose,Shrub,3
Northern Lights Camellia,Shrub,3
Monsieur Jules Elie Double Peony,Shrub,3
Raspberry Sundae Peony,Vine - Requires Support,10
Silver Waves Camellia,Perennial,1
Jeepers Creepers Tiarella,Perennial,1
Mr Poppins Winterberry,Shrub,3
Everlasting Revolution Hydrangea,Perennial,1
Color Fantasy Mophead Hydrangea,Perennial,1
Marge Miller Camellia,Perennial,1
Scarlet Torch Bottlebrush,Shrub,3
Seminole Crape Myrtle,Shrub,3
Siskiyou Evening Primrose,Perennial,1
Snow Queen Port Orford CedarThe Guardian Series,Conifer,12
Sonnenschein Euryops,Shrub,3
Starburst Hardy Ice Plant,Perennial,1
Summer Sorbet Bluebeard,Shrub,3
Sunbather Gazania,Perennial,1
SunSparkler Firecracker Sedum,Cactus/Succulent,9
White Chocolate Crape Myrtle,Tree,7
Super Red Hybrid Aloe,Perennial,1
SuperBlue English Lavender,Shrub,3
Sutherland Hardy Ice Plant,Cactus/Succulent,9
Texas Wild Olive,Perennial,1
Thompsen Blue Spruce,Conifer,12
Tom Thumb Cranberry Cotoneaster,Shrub,3
Trailing Lantana,Shrub,3
Azurri Blue Satin Rose of Sharon,Shrub,3
Turkish Hens and Chicks,Cactus/Succulent,9
Utah Stonecrop,Cactus/Succulent,9
Variegated Licorice Plant,Perennial,1
Vera Deep Purple Bougainvillea,Vine - Requires Support,10
Watermelon Red Crape Myrtle,Shrub,3
Wheels of Wonder Fire Wonder Ice Plant,Perennial,1
Wheels of Wonder Hot Pink Wonder Ice Plant,Perennial,1
Wheels of Wonder Orange Wonder Ice Plant,Perennial,1
White Lightnin Trailing Lantana,Shrub,3
White Nugget Ice Plant,Perennial,1
White Rugosa Rose,Shrub,3
Wisley Pink Sunrose,Perennial,1
English Thyme,Groundcover,5
Starkies Gold Arborvitae,Conifer,12
Zuni Crape Myrtle,Tree,7
Aztec Verbena,Perennial,1
Birds Foot Trefoil,Perennial,1
Lo  Behold Blue Chip Dwarf Summer Lilac,Shrub,3
Miss Molly Summer Lilac,Shrub,3
Phloxy Lady Phlox,Perennial,1
Radiant Magenta Brachyscome,Perennial,1
Revolution Gerbera Daisy,Perennial,1
Swizzle Zinnia,Annual,6
All Ablaze Climbing Rose,Shrub,3
Blaze of Glory Climbing Rose,Shrub,3
Blue Cloak White Fir,Conifer,12
Bridal Sunblaze Miniature Rose,Shrub,3
Cora Stubbs Peony,Perennial,1
Duchesse De Nemours Peony,Perennial,1
Dwarf Blue Spanish Fir,Conifer,12
Flower Carpet Amber Groundcover Rose,Perennial,1
Flower Carpet Appleblossom Groundcover Rose,Perennial,1
Flower Carpet Coral Groundcover Rose,Perennial,1
Flower Carpet Pink Groundcover Rose,Perennial,1
Flower Carpet Pink Splash Groundcover Rose,Perennial,1
Flower Carpet Scarlet Groundcover Rose,Shrub,3
Golden Sunblaze Miniature Rose,Perennial,1
Graziella Maiden Grass,Ornamental Grass,8
Knock Out Shrub Rose,Shrub,3
Krinkled White Peony,Shrub,3
Bandana Lantana,Shrub,3
Paul M Wild Double Peony,Perennial,1
Purple Lily Magnolia,Perennial,1
Rainbow Knock Out Rose,Perennial,1
Rainbow Sunblaze Miniature Rose,Perennial,1
Red Sunblaze Miniature Rose,Shrub,3
Saint Mary Southern Magnolia,Tree,7
Salmon Sunblaze Miniature Rose,Shrub,3
Sapphire Fountain Blue Oat Grass,Ornamental Grass,8
Sarah Bernhardt Double Peony,Perennial,1
Scent from Above Climbing Rose,Perennial,1
William Baffin Climbing Rose,Perennial,1
Bloomerang Pink Perfume Lilac,Shrub,3
Bloomerang Purple Lilac,Shrub,3
Emerald Pink Creeping Phlox,Perennial,1
English Butterfly Purple Emperor Butterfly Bush,Shrub,3
Hinkley Frosted Mint,Perennial,1
Jewel of the Desert Peridot Ice Plant,Cactus/Succulent,9
Lo  Behold Pink Micro Chip Summer Lilac,Shrub,3
LookALikes Phloxy Baby Rose,Shrub,3
Royal Gerbera Daisy,Perennial,1
Miss Ruby Summer Lilac,Shrub,3
Mountain Mist Cheddar Pink,Perennial,1
Mrs Ronald Gray Scotch Heather,Shrub,3
Pancake Arborvitae,Conifer,12
Rubra Plena Peony,Perennial,1
Princeton Sentry Maidenhair Tree,Tree,7
Red Wings Creeping Phlox,Perennial,1
Silver Queen Port Orford Cedar  The Guardian Series,Conifer,12
Summer Wine Ninebark,Shrub,3
Big Tuna Mugo Pine,Conifer,12
Parsons Juniper,Conifer,12
Black Jack Fig,Tree,7
Blaze Peony,Shrub,3
Dahlinova Dahlia,Perennial,1
Bowl Of Cream Double Herbaceous Peony,Shrub,3
Petite Pinkie Crape Myrtle,Shrub,3
Candy Stripe Creeping Phlox,Perennial,1
Chaste Tree,Tree,7
Prince Of Wales Juniper,Conifer,12
CranRazz Nectar Bush,Shrub,3
Dazzle Me Pink Crape Myrtle,Shrub,3
Donard Gold Monterey Cypress,Conifer,12
Double Scoop Mandarin Coneflower,Perennial,1
Dwarf Alcock Spruce,Conifer,12
Ember Waves Western Arborvitae,Conifer,12
Emerald Blue Creeping Phlox,Perennial,1
Regal Splendour Lavender,Perennial,1
Eden Climber Rose,Shrub,3
Lady Orchid Peony,Perennial,1
Madame Emile Debatene Double Peony,Shrub,3
Malonyana Arborvitae,Conifer,12
Mango Popsicle Dwarf Poker,Perennial,1
Prairie Dropseed,Shrub,3
Sago Palm,Perennial,1
Serena Angelonia,Perennial,1
Snow Dazzle Crape Myrtle,Shrub,3
Streibs Findling Cotoneaster,Perennial,1
Sweet Spot Calypso Rose,Perennial,1
Sweet Spot Peach Rose,Perennial,1
Sweet Spot Ruby Rose,Shrub,3
Sweet Spot Yellow Rose,Perennial,1
Taylor Juniper,Conifer,12
Rose and Shine Petunia,Perennial,1
Suncatcher Trailing Petunia,Perennial,1
Wheels of Wonder Violet Wonder Ice Plant,Perennial,1
Yellow Bird Magnolia,Perennial,1
FourInOne Combo Apple,Tree,7
Helica Bracteantha,Perennial,1
Lo  Behold Ice Chip Summer Lilac,Shrub,3
ThreeTier Apple Espalier,Tree,7
Swedish Yellow Crossed Leaf Heath,Shrub,3
Voltage African Daisy,Perennial,1
Black Tulip Magnolia,Tree,7
DD Blanchard Southern Magnolia,Perennial,1
Candy Land Climbing Rose,Perennial,1
Cecile Brunner Climbing Rose,Shrub,3
Chateau Merlot Shrub Rose,Shrub,3
Columnar Norway Spruce,Conifer,12
Felix Jury Magnolia,Tree,7
Glasnevin Chilean Potato Bush,Perennial,1
Gold Struck Grandiflora Rose,Shrub,3
Golden Showers Climbing Rose,Perennial,1
Heavenly Blue Harebell Speedwell,Shrub,3
Maroon Tree Peony,Tree,7
Medusa Ornamental Pepper,Shrub,3
Peach Drift Rose,Perennial,1
Oso Easy Strawberry Crush Rose,Perennial,1
Oso Happy Candy Oh Rose,Perennial,1
Peace Hybrid Tea Rose,Perennial,1
Pink Drift Groundcover Rose,Perennial,1
Lodgepole Pine,Conifer,12
Sweet Drift Groundcover Rose,Perennial,1
Royal Star Magnolia,Perennial,1
Sonic Bloom Red Reblooming Weigela,Shrub,3
Sunshine Daydream Rose,Shrub,3
The Charlatan Climbing Rose,Shrub,3
White Out Rose,Shrub,3
Burgundy Wild Lowbush Blueberry,Shrub,3
Dahlinova Hypnotica Dahlia,Perennial,1
Firecracker Goji Berry,Shrub,3
Inspecteur Lavergne Peony,Perennial,1
Violet Filli Crape Myrtle,Shrub,3
Alpine Carpet Juniper,Conifer,12
Damiantia,Perennial,1
Blue Chip Juniper,Conifer,12
Blue Pfitzer Juniper,Conifer,12
Centennial Spirit Crape Myrtle,Tree,7
Endurascape Red Verbena,Perennial,1
Eye Candy Ice Plant,Perennial,1
Hughes Juniper,Conifer,12
Jewel of the Desert Ruby Ice Plant,Cactus/Succulent,9
Karley Rose Oriental Fountain Grass,Ornamental Grass,8
New Blue Tamarix Juniper,Conifer,12
OoLaLa Bougainvillea,Vine - Requires Support,10
Pacific Wax Myrtle,Shrub,3
Petite Embers Crape Myrtle,Shrub,3
Petite Plum Crape Myrtle,Shrub,3
Pink Pussytoes,Perennial,1
Ravers Strawberry Fields African Daisy,Perennial,1
Potunia Papaya Petunia,Perennial,1
Red Sensation Rock Cress,Perennial,1
San Jose Juniper,Conifer,12
Strawberries  Cream Stonecrop,Cactus/Succulent,9
Tonto Crape Myrtle,Tree,7
Variegated Stonecrop,Cactus/Succulent,9
Waldbrunn Dwarf Blue Spruce,Conifer,12
White Cape Plumbago,Shrub,3
Yellow Arizona Cypress,Conifer,12
Youngstown Andorra Juniper,Conifer,12
Black Lace Elderberry,Perennial,1
Oso Easy Honey Bun Rose,Perennial,1
Sweet Basil,Perennial,1
Crazytunia Cherry Cheesecake Petunia,Perennial,1
Lemon Candy Ninebark,Shrub,3
Paparazzi Lindsay Phlox,Perennial,1
Sky Trails Serbian Spruce,Conifer,12
Tiny Wine Ninebark,Shrub,3
Columnar Eastern White Pine,Conifer,12
Cotton Candy Creeping Phlox,Perennial,1
Double Knock Out Rose,Shrub,3
Sunny Knock Out Rose,Perennial,1
Felix Crousse Peony,Perennial,1
Flower Carpet Red Groundcover Rose,Perennial,1
Josephs Coat Climbing Rose,Perennial,1
Lavender Sunblaze Miniature Rose,Shrub,3
Majestic Beauty Southern Magnolia,Tree,7
Scarlett OHara Peony,Shrub,3
Teddy Bear Southern Magnolia,Perennial,1
Lo  Behold Blue Chip Jr Butterfly Bush,Shrub,3
Flower Carpet Pink Supreme Ground Cover Rose,Perennial,1
Karl Rosenfield Double Peony,Perennial,1
Little Gem Dwarf Southern Magnolia,Shrub,3
Rose Queen Bishops Hat,Perennial,1
Nuccios Bella Rossa Camellia,Perennial,1
Ashwood Single Pink Picotee Shades Lenten Rose,Perennial,1
Mini Penny Hydrangea,Shrub,3
Red Wall Virginia Creeper,Perennial,1
Bobo Hardy Hydrangea,Perennial,1
Aphrodite Sweetshrub,Shrub,3
Bartzella Itoh Peony,Perennial,1
Black Beauty Elderberry,Shrub,3
Boulevard Nubia Clematis,Vine - Requires Support,10
White Ruffles Caladium,Perennial,1
Frosty Curls Sedge,Perennial,1
Bronze Beauty Carpet Bugle,Perennial,1
Buds Yellow Dogwood,Shrub,3
Burgundy Glow Carpet Bugle,Perennial,1
Calamondin Orange,Perennial,1
California Sunset Pomegranate,Shrub,3
Caroline Coral Bells,Perennial,1
Cherry Ripe Cape Fuchsia,Shrub,3
Himalayan Border Jewel Fleece Flower,Shrub,3
Chocolate Chip Carpet Bugle,Perennial,1
White Wonder Caladium,Perennial,1
Max Frei Bloody Cranesbill,Perennial,1
Creme De Mint Dogwood,Perennial,1
Crimson Curls Coral Bells,Perennial,1
Dawns Chorus Azalea,Shrub,3
Dwarf Plumbago,Shrub,3
Ebony Knight Mondo Grass,Ornamental Grass,8
Pink Cloud Winter Heath,Shrub,3
Elite Rhododendron,Perennial,1
Faulkner Boxwood,Shrub,3
Going Bananas Itoh Peony,Perennial,1
Cousin Itt Little River Wattle,Tree,7
Golden Dream Boxwood,Perennial,1
Green Spice Coral Bells,Shrub,3
Happy Face Yellow Bush Cinquefoil,Shrub,3
Hot Pink Betty Azalea,Shrub,3
Hot Rod Switch Grass,Ornamental Grass,8
Ibi Clematis,Vine - Requires Support,10
Italian Parsley,Conifer,12
Itsy Bitsy Lilac False Heather,Shrub,3
Itsy Bitsy White False Heather,Shrub,3
Japanese Star Jasmine,Perennial,1
Firewitch Cheddar Pink,Perennial,1
Kinpai Azalea,Shrub,3
Kiwi Gem Shrub Panax,Shrub,3
Klondyke Azalea,Shrub,3
Kopper Kettle Itoh Peony,Perennial,1
Lees Dark Purple Rhododendron,Perennial,1
Little Gem Candytuft,Perennial,1
Little John Azalea,Shrub,3
Little Star Star Creeper,Perennial,1
Macopin Eastern White Pine,Conifer,12
Mezoo Doreanthus,Perennial,1
Midnight Reiter Cranesbill,Perennial,1
Miss Heidi Geranium,Perennial,1
Silver Star Helichrysum,Perennial,1
Mondo Grass,Ornamental Grass,8
Nochi Shibari Pomegranate,Shrub,3
Palace Purple Coral Bells,Perennial,1
Paraplu Bigleaf Hydrangea,Perennial,1
Petite Pillar Dwarf Boxwood,Shrub,3
Pink Chintz Thyme,Groundcover,5
Samantha Bellflower,Perennial,1
Prague Viburnum,Shrub,3
White Marble Caladium,Perennial,1
Pure White Julia Azalea,Shrub,3
Rahvarinne Clematis,Vine - Requires Support,10
Yellow Devil Bromeliad,Perennial,1
Rosy Lights Azalea,Perennial,1
Scentsation Honeysuckle,Vine - Requires Support,10
Sequestered Sunshine Itoh Peony,Shrub,3
Siberian Carpet Cypress,Conifer,12
Sidekick Sweet Potato Vine,Vine - Requires Support,10
Silver Knight Scotch Heather,Shrub,3
Southern Charm Azalea,Shrub,3
Sprinter Boxwood,Shrub,3
Star Jasmine,Perennial,1
Strawberry Sorbet Maiden Pink,Perennial,1
Striped Bloody Cranesbill,Perennial,1
Tama No Hada Azalea,Shrub,3
Tardiva Hydrangea,Perennial,1
Variegated English Boxwood,Shrub,3
Variegated Lemon Thyme,Perennial,1
White Herons Bill,Shrub,3
White Mediterranean Heather,Shrub,3
White Perfection Mediterranean Heather,Shrub,3
Green Tower Boxwood,Shrub,3
Yankee Doodle Dandy Itoh Peony,Shrub,3
High Noon Tree Peony,Tree,7
Incrediball Smooth Hydrangea,Shrub,3
Mandarin Lights Azalea,Shrub,3
Calico Kitten Crassula,Perennial,1
Dusky Chief New Zealand Flax,Perennial,1
Rangoon Creeper,Perennial,1
Hantamberg Orange African Daisy,Perennial,1
Karl Fuchs Himalayan Cedar,Conifer,12
Sonic Bloom Pink Reblooming Weigela,Shrub,3
Marie Bleu New Jersey Tea,Perennial,1
Ruby Cluster Strawflower,Shrub,3
Magic Carpet Mecardonia,Perennial,1
Blue Chiffon Rose of Sharon,Shrub,3
Berry Heavy Winterberry Holly,Shrub,3
Caliente Geranium,Perennial,1
Dream Catcher Beauty Bush,Perennial,1
Invincibelle Spirit Hydrangea,Perennial,1
Rosemary Caladium,Shrub,3
Starburst Caladium,Perennial,1
Twisted Dart Rush,Perennial,1
Toffee Twist Hair Sedge,Ornamental Grass,8
White Dome Hydrangea,Perennial,1
White Delight Caladium,Perennial,1
White Diamond Caladium,Shrub,3
White Dynasty Caladium,Annual,6
Bronze Loquat,Perennial,1
Fragrant Star Azalea,Perennial,1
Italian Oregano,Shrub,3
Bronze Carpet Stonecrop,Cactus/Succulent,9
Mountain Sandwort,Shrub,3
Claremont Western Redbud,Tree,7
Variegated Japanese Stonecrop,Cactus/Succulent,9
Waterperry Blue Speedwell,Perennial,1
Dwarf Serbian Spruce,Conifer,12
Gold Drop Arborvitae,Conifer,12
Golden Feather Arborvitae,Conifer,12
Ivory Silk Japanese Tree Lilac,Shrub,3
Show Off Forsythia,Shrub,3
Majestic Beauty Indian Hawthorn,Shrub,3
Point Sal Purple Sage,Perennial,1
Coral Sunset Peony,Perennial,1
Emerald Spreader Japanese Yew,Conifer,12
English Ivy,Vine - Self-clinging,19
Giant Cape Restio,Perennial,1
Golden Rule St Johns Wort,Shrub,3
Hubers Tawny Gold Spreading Yew,Conifer,12
Lemony Lace Elderberry,Perennial,1
Mediterranean Fan Palm,Perennial,1
Misaka Beautiful Blossom Itoh Peony,Shrub,3
Mops Mugo Pine,Conifer,12
Morning Lilac Itoh Peony,Shrub,3
Plumetastic Pink Muhly Grass,Ornamental Grass,8
Purple Bell Heath,Shrub,3
Pusch Dwarf Norway Spruce,Conifer,12
Sherwood Compact Mugo Pine,Conifer,12
Sherwood Moss Arborvitae,Conifer,12
Silver Falls Dichondra,Tree,7
Hearts Delight Caladium,Perennial,1
Yumi Beauty Itoh Peony,Shrub,3
Red Frill Caladium,Perennial,1
Red Ruffles Caladium,Perennial,1
Alvarez Bromeliad,Perennial,1
Bossa Nova Bromeliad,Perennial,1
Jolt Series Dianthus,Perennial,1
Magic Carpet Creeping Thyme,Groundcover,5
Rebecca Viola,Perennial,1
Variegated Japanese Sedge,Perennial,1
Variegated Sweet Flag,Perennial,1
Autumn Brilliance Apple Serviceberry,Tree,7
Banana Boat Creeping Sedge,Perennial,1
Blue Ice Bog Rosemary,Shrub,3
Corkscrew Rush,Perennial,1
Maxwells Cornish Heath,Shrub,3
Yellow Foxtail Grass,Ornamental Grass,8
Blanchetiana Bromeliad,Perennial,1
Compacta Bromeliad,Perennial,1
Fireball Bromeliad,Perennial,1
Sassy Bromeliad,Perennial,1
Super Fireball Bromeliad,Perennial,1
Yellow Delicious Bromeliad,Perennial,1
Dwarf Golden Sweet Flag,Perennial,1
Berry Nice Winterberry Holly,Shrub,3
Brunswick Lowbush Blueberry,Shrub,3
Burgundy Iceberg Shrub Rose,Shrub,3
Cinco de Mayo Shrub Rose,Shrub,3
Ghost Weigela,Shrub,3
Green Mountain Boxwood,Shrub,3
Hana Daijin Japanese Tree Peony,Tree,7
Julia Rose Itoh Peony,Shrub,3
Little Gem Norway Spruce,Conifer,12
Luna Series Hardy Hibiscus,Perennial,1
Petite Pinkie Spicy Jatropha,Shrub,3
Peve Minaret Dwarf Bald Cypress,Conifer,12
Rainbow Pillar Serviceberry  Multi Stem,Shrub,3
Regal Diamantina Clematis,Vine - Requires Support,10
Summer Soul Arabian Jasmine,Shrub,3
Swirlin Grace Lithodora,Shrub,3
Thriller Ladys Mantle,Perennial,1
Variegated Star Jasmine,Perennial,1
Pink Passion Dracaena Palm,Perennial,1
Double Take Pink Storm Flowering Quince,Shrub,3
Slowmound Mugo Pine,Conifer,12
Little Harv Bromeliad,Perennial,1
Tiny Tuff Stuff Hydrangea,Perennial,1
Tuff Stuff Reblooming Mountain Hydrangea,Shrub,3
BloomAThon Red Reblooming Azalea,Shrub,3
BloomAThon Pink Double Reblooming Azalea,Shrub,3
Jean May Camellia,Perennial,1
Mrs G G Gerbing Azalea,Shrub,3
Nuccios Pearl Camellia,Perennial,1
Shishi Gashira Camellia,Perennial,1
Yuletide Camellia,Perennial,1
Cityline Vienna Bigleaf Hydrangea,Perennial,1
Bloom N Again Coronado Red Azalea,Shrub,3
Bloom N Again Fireglow Azalea,Shrub,3
Bloom N Again Fireside Red Azalea,Shrub,3
Bloom N Again Kristins Blush Azalea,Shrub,3
Bloom N Again Lavender Twist Azalea,Shrub,3
Bloom N Again Love U Lots Azalea,Shrub,3
Bloom N Again Mango Salsa Azalea,Shrub,3
Bloom N Again Orange Crush Azalea,Perennial,1
Bloom N Again Orange Frost Azalea,Shrub,3
Bloom N Again Orange Satin Azalea,Shrub,3
Bloom N Again Peachy Keen Azalea,Shrub,3
Bloom N Again Pink Explosion Azalea,Shrub,3
Bloom N Again Purple Fusion Azalea,Shrub,3
Bloom N Again Red Dawn Azalea,Shrub,3
Bloom N Again Rojo Azalea,Shrub,3
Bloom N Again Savannah Sunset Azalea,Shrub,3
Bloom N Again Strawberry Kiss Azalea,Perennial,1
Bloom N Again Tropical Blush Azalea,Shrub,3
Bloom N Again Tuscan Morn Azalea,Shrub,3
Bubblegum Rhododendron,Perennial,1
Double Besse Rhododendron,Annual,6
Double Delights Wedding Gown Hydrangea,Perennial,1
Forever  Ever WhiteOut Hydrangea,Shrub,3
Grandiflorum Catawba Rhododendron,Vine - Requires Support,10
Haaga Rhododendron,Perennial,1
Holland Azalea,Shrub,3
Midgee Marlberry,Perennial,1
Mariesii Variegated Lacecap Hydrangea,Perennial,1
Miyama Mendosina Rhododendron,Perennial,1
Rocket Rhododendron,Perennial,1
Bloom N Again Passionate Pink Azalea,Perennial,1
Lemon Leaf,Perennial,1
Pink N Pretty Hydrangea,Perennial,1
Princess Lace Hydrangea,Shrub,3
Phantom Panicle Hydrangea,Shrub,3
Fiesta Series Double Impatiens,Annual,6
April Remembered Ice Angels Camellia,Perennial,1
Wine Common Periwinkle,Perennial,1
Silver Heart Brunnera,Perennial,1
Kimono May Snow Azalea,Shrub,3
Seaside Serenade Outer Banks Hydrangea,Perennial,1
Girards Hot Shot Azalea,Shrub,3
Scarletta Fetterbush,Shrub,3
Red Baron Creeping Wintergreen,Shrub,3
Devroe Bromeliad,Perennial,1
Dr Oeser Bromeliad,Perennial,1
Green Sheen Japanese Spurge,Shrub,3
Gold Fever Bromeliad,Perennial,1
Luca Bromeliad,Perennial,1
Paula Bromeliad,Perennial,1
Picasso Bromeliad,Perennial,1
Van Durme Bromeliad,Perennial,1
Golden Crane Hydrangea,Perennial,1
Kahlua Fire Bromeliad,Perennial,1
Quicksilver Chinese Wild Ginger,Perennial,1
Climbing Hydrangea,Perennial,1
Bowles Common Periwinkle,Perennial,1
Northern Starburst Rhododendron,Perennial,1
Triostar Stromanthe,Perennial,1
Golden Sedum,Cactus/Succulent,9
